Date	Sent_mean	Sent_count
2016-12-01	0.007972582972582977	7
2016-12-02	0.0871969696969697	6
2016-12-03	0.04727272727272727	5
2016-12-04	0.10625	4
2016-12-05	0.0576264880952381	8
2016-12-06	0.13055555555555556	9
2016-12-07	0.05357142857142857	7
2016-12-08	0.0056818181818181785	8
2016-12-09	0.062337662337662345	7
2016-12-10	0.010795454545454546	4
2016-12-11	0.03409090909090909	4
2016-12-12	0.08594372294372295	10
2016-12-13	0.04666666666666667	6
2016-12-14	0.035416666666666666	8
2016-12-15	0.12005772005772006	7
2016-12-16	0.057291666666666664	6
2016-12-17	0.0	3
2016-12-18	0.090625	4
2016-12-19	-0.017857142857142856	7
2016-12-20	0.04583333333333334	8
2016-12-21	0.08499999999999999	5
2016-12-22	0.1388888888888889	9
2016-12-23	0.001428571428571426	7
2016-12-24	0.08766233766233766	4
2016-12-25	-0.019999999999999997	5
2016-12-26	0.030066287878787873	8
2016-12-27	0.178030303030303	6
2016-12-28	0.048821548821548814	9
2016-12-29	0.14545454545454545	3
2016-12-30	0.2571428571428572	7
2016-12-31	0.016666666666666666	6
2017-01-01	0.0625	4
2017-01-02	0.017857142857142856	6
2017-01-03	0.033766233766233764	7
2017-01-04	-0.08833333333333333	6
2017-01-05	0.15	5
2017-01-06	0.0476010101010101	8
2017-01-07	0.10714285714285714	2
2017-01-08	-0.06999999999999999	5
2017-01-09	-0.12744633838383834	6
2017-01-10	0.09204545454545454	8
2017-01-11	0.0008928571428571437	7
2017-01-12	0.1361111111111111	6
2017-01-13	0.047916666666666684	6
2017-01-14	0.0	2
2017-01-15	0.0	4
2017-01-16	-0.038888888888888896	4
2017-01-17	0.06666666666666667	6
2017-01-18	0.1798611111111111	9
2017-01-19	0.006887755102040814	7
2017-01-20	0.1130952380952381	6
2017-01-21	0.02727272727272727	5
2017-01-22	0.0	4
2017-01-23	-0.0125	4
2017-01-24	0.025	10
2017-01-25	0.2034271284271284	8
2017-01-26	0.04518518518518518	8
2017-01-27	0.03068181818181818	8
2017-01-28	0.22954545454545455	4
2017-01-29	0.0	5
2017-01-30	-0.008055555555555548	5
2017-01-31	0.028571428571428574	7
2017-02-01	0.24583333333333335	8
2017-02-02	0.04458874458874459	7
2017-02-03	0.0	8
2017-02-04	0.0	5
2017-02-05	0.265	5
2017-02-06	0.09	5
2017-02-07	0.0662037037037037	6
2017-02-08	0.016666666666666666	6
2017-02-09	0.034374999999999996	6
2017-02-10	0.05246212121212121	8
2017-02-11	0.041666666666666664	4
2017-02-12	0.04259259259259259	9
2017-02-13	0.08955905205905206	13
2017-02-14	0.10216450216450215	7
2017-02-15	0.05909090909090909	11
2017-02-16	0.0007996632996633002	9
2017-02-17	0.041666666666666664	9
2017-02-18	-0.0375	5
2017-02-19	-0.054545454545454564	3
2017-02-20	0.16393939393939394	9
2017-02-21	0.09632231404958679	11
2017-02-22	-0.017832167832167827	13
2017-02-23	-0.02916666666666667	8
2017-02-24	0.02625	8
2017-02-25	-0.1	5
2017-02-26	-0.0018518518518518638	3
2017-02-27	0.024999999999999998	12
2017-02-28	0.15013774104683195	11
2017-03-01	0.039181818181818186	10
2017-03-02	0.004065934065934061	13
2017-03-03	0.06725	10
2017-03-04	-0.03333333333333333	3
2017-03-05	-0.225	4
2017-03-06	0.020999999999999998	10
2017-03-07	0.004545454545454544	11
2017-03-08	0.11380208333333333	8
2017-03-09	0.005429292929292929	9
2017-03-10	0.1251948051948052	14
2017-03-11	0.06428571428571428	4
2017-03-12	-0.012777777777777777	3
2017-03-13	0.010148423005565874	14
2017-03-14	0.145	10
2017-03-15	-0.01666666666666667	9
2017-03-16	-0.022847222222222224	8
2017-03-17	0.03583333333333332	10
2017-03-18	0.051190476190476196	3
2017-03-19	0.08214285714285714	4
2017-03-20	0.07508608815426997	11
2017-03-21	-0.0393939393939394	11
2017-03-22	0.026041666666666664	8
2017-03-23	0.04055666555666555	13
2017-03-24	0.07476731601731602	10
2017-03-25	-0.2125	3
2017-03-26	0.020833333333333332	4
2017-03-27	0.014351851851851853	9
2017-03-28	0.027001305572734138	14
2017-03-29	0.12313131313131313	12
2017-03-30	0.019791666666666662	14
2017-03-31	0.140625	8
2017-04-01	-0.013888888888888895	3
2017-04-02	0.12	5
2017-04-03	0.1581986531986532	9
2017-04-04	0.1303030303030303	9
2017-04-05	-0.004545454545454547	11
2017-04-06	0.06363636363636364	10
2017-04-07	0.14570707070707073	9
2017-04-08	0.20238095238095236	3
2017-04-09	0.0625	4
2017-04-10	0.05227272727272727	5
2017-04-11	-0.021127946127946128	9
2017-04-12	0.020425407925407923	13
2017-04-13	0.10555555555555557	9
2017-04-14	0.1	8
2017-04-15	0.022727272727272724	2
2017-04-16	0.0	5
2017-04-17	0.03897787397787398	9
2017-04-18	0.06815656565656567	15
2017-04-19	0.13298992673992674	13
2017-04-20	-0.044155844155844164	11
2017-04-21	0.0	8
2017-04-22	0.1875	4
2017-04-23	0.182	5
2017-04-24	-0.02696678321678321	13
2017-04-25	-0.039999999999999994	10
2017-04-26	-0.023356643356643354	13
2017-04-27	0.18742424242424244	10
2017-04-28	0.1949793388429752	11
2017-04-29	-0.04782828282828283	2
2017-04-30	0.05555555555555556	6
2017-05-01	0.002083333333333334	10
2017-05-02	0.044987373737373736	12
2017-05-03	0.02536375661375662	12
2017-05-04	0.05863636363636364	10
2017-05-05	0.032951593860684775	11
2017-05-06	0.0	4
2017-05-07	0.1125	5
2017-05-08	0.02142857142857143	14
2017-05-09	0.1946212121212121	11
2017-05-10	0.048148148148148155	12
2017-05-11	0.048537296037296035	13
2017-05-12	0.0718801652892562	11
2017-05-13	-0.14166666666666666	4
2017-05-14	0.09	5
2017-05-15	0.035101010101010105	9
2017-05-16	-0.004340277777777775	12
2017-05-17	0.24070707070707076	9
2017-05-18	-0.05833333333333332	12
2017-05-19	0.081	10
2017-05-20	0.175	4
2017-05-21	0.14	5
2017-05-22	-0.013541666666666667	8
2017-05-23	0.1375	10
2017-05-24	0.15151515151515152	11
2017-05-25	0.09657407407407408	12
2017-05-26	0.013053613053613052	13
2017-05-27	0.0	4
2017-05-28	0.22999999999999998	5
2017-05-29	0.05054112554112554	10
2017-05-30	0.08125	8
2017-05-31	0.13142857142857142	10
2017-06-01	0.15890151515151513	10
2017-06-02	0.055555555555555546	10
2017-06-03	-0.012499999999999997	4
2017-06-04	0.15	5
2017-06-05	0.10888888888888888	9
2017-06-06	0.02724517906336089	11
2017-06-07	0.09583333333333333	8
2017-06-08	-0.017499999999999984	14
2017-06-09	0.012680375180375177	15
2017-06-10	0.038636363636363635	10
2017-06-11	0.04333333333333333	5
2017-06-12	-0.02100421508316245	19
2017-06-13	0.10146020646020645	13
2017-06-14	0.10357142857142858	12
2017-06-15	0.054761904761904755	14
2017-06-16	0.14106818181818181	10
2017-06-17	0.06792929292929292	9
2017-06-18	0.08162878787878787	8
2017-06-19	0.1578512396694215	11
2017-06-20	0.06858974358974358	13
2017-06-21	-0.03925925925925926	15
2017-06-22	0.12361111111111112	12
2017-06-23	0.06944444444444445	9
2017-06-24	0.022727272727272724	6
2017-06-25	0.048	10
2017-06-26	0.07546296296296295	12
2017-06-27	0.06059027777777778	12
2017-06-28	0.14175275482093663	11
2017-06-29	0.038257575757575754	12
2017-06-30	0.13879870129870128	14
2017-07-01	-0.0728395061728395	9
2017-07-02	0.0019696969696969767	5
2017-07-03	-0.053125000000000006	16
2017-07-04	-0.027972027972027982	13
2017-07-05	-0.0369047619047619	12
2017-07-06	0.10126262626262626	18
2017-07-07	0.03333333333333334	15
2017-07-08	-0.014285714285714287	7
2017-07-09	0.010648148148148148	9
2017-07-10	-0.022727272727272724	11
2017-07-11	0.05348124098124098	14
2017-07-12	0.07472222222222223	15
2017-07-13	0.05165289256198347	11
2017-07-14	0.05959656084656085	15
2017-07-15	0.125	6
2017-07-16	0.0893939393939394	3
2017-07-17	-0.03611111111111112	9
2017-07-18	-0.02016098484848486	20
2017-07-19	0.08135371572871572	12
2017-07-20	0.016666666666666666	16
2017-07-21	0.07115384615384616	13
2017-07-22	0.0475	10
2017-07-23	0.06944444444444443	6
2017-07-24	0.061263955342902715	19
2017-07-25	-0.02782399891774892	16
2017-07-26	-0.005749805749805751	13
2017-07-27	0.05555555555555555	18
2017-07-28	0.06251221896383186	31
2017-07-29	-0.023063973063973064	18
2017-07-30	0.03888888888888889	15
2017-07-31	-0.035416666666666666	16
2017-08-01	0.060566188197767136	19
2017-08-02	0.0502020202020202	15
2017-08-03	0.04923469387755102	14
2017-08-04	0.052178030303030296	16
2017-08-05	0.00039772727272727355	8
2017-08-06	-0.011309523809523811	12
2017-08-07	0.029494047619047614	18
2017-08-08	0.041025641025641026	13
2017-08-09	0.04415584415584416	14
2017-08-10	0.10479377104377104	18
2017-08-11	0.1543560606060606	20
2017-08-12	0.011111111111111112	9
2017-08-13	0.15753968253968256	7
2017-08-14	0.08350041771094403	19
2017-08-15	0.08605587121212122	16
2017-08-16	0.1866847041847042	18
2017-08-17	0.06604166666666667	20
2017-08-18	0.0003960055096418714	22
2017-08-19	-0.008515151515151514	10
2017-08-20	0.1576923076923077	13
2017-08-21	-0.0007440476190476204	14
2017-08-22	0.05613636363636363	20
2017-08-23	-0.004365079365079368	14
2017-08-24	0.04535353535353535	15
2017-08-25	0.0918842560947824	19
2017-08-26	-0.0054713804713804725	18
2017-08-27	0.01953125	8
2017-08-28	0.01760947385947386	13
2017-08-29	-0.018734402852049904	17
2017-08-30	0.05713888888888889	15
2017-08-31	0.11611570247933883	22
2017-09-01	0.019561973114604697	19
2017-09-02	0.04188311688311689	14
2017-09-03	0.09	5
2017-09-04	0.060437710437710436	18
2017-09-05	0.051403743315508024	17
2017-09-06	0.028563411896745234	18
2017-09-07	0.06260398098633392	17
2017-09-08	0.08486842105263159	19
2017-09-09	0.12	10
2017-09-10	0.13892045454545454	8
2017-09-11	0.03666666666666667	15
2017-09-12	-0.022569444444444448	12
2017-09-13	0.10333333333333335	15
2017-09-14	0.07762445887445887	16
2017-09-15	0.047058823529411764	17
2017-09-16	0.09082167832167834	13
2017-09-17	0.03446969696969697	11
2017-09-18	-0.01694444444444445	10
2017-09-19	0.0425	10
2017-09-20	0.09189113355780022	12
2017-09-21	0.028084415584415583	14
2017-09-22	0.000710227272727279	8
2017-09-23	0.04074074074074078	9
2017-09-24	0.05	8
2017-09-25	0.05	5
2017-09-26	0.03796487603305785	11
2017-09-27	-0.023214285714285705	21
2017-09-28	-0.011704545454545457	15
2017-09-29	-0.030842731829573925	19
2017-09-30	0.16753246753246748	7
2017-10-01	0.10401069518716577	17
2017-10-02	0.07845508658008657	20
2017-10-03	0.06509986225895316	22
2017-10-04	0.08544372294372295	24
2017-10-05	0.05434491978609625	17
2017-10-06	0.002062289562289562	18
2017-10-07	-0.024029356060606064	8
2017-10-08	0.075	6
2017-10-09	-0.00420462061087061	16
2017-10-10	0.026960784313725478	17
2017-10-11	0.049419642857142856	20
2017-10-12	0.05191387559808612	19
2017-10-13	0.002083333333333333	16
2017-10-14	0.07777777777777777	7
2017-10-15	-0.06458333333333334	8
2017-10-16	0.04171626984126983	18
2017-10-17	0.07499999999999998	13
2017-10-18	0.029484126984126984	15
2017-10-19	0.0434873949579832	17
2017-10-20	0.05586829836829837	13
2017-10-21	-0.00527777777777777	10
2017-10-22	-0.02238095238095238	7
2017-10-23	0.08977272727272725	16
2017-10-24	-0.07348484848484849	13
2017-10-25	0.10897435897435896	13
2017-10-26	-0.0022321428571428475	16
2017-10-27	-0.03530037214247741	19
2017-10-28	-0.0296969696969697	10
2017-10-29	0.038	10
2017-10-30	0.07566844919786095	17
2017-10-31	0.05344155844155844	14
2017-11-01	0.00681818181818182	11
2017-11-02	-0.018660287081339714	19
2017-11-03	0.025874125874125867	13
2017-11-04	0.08388429752066116	11
2017-11-05	0.09867424242424243	4
2017-11-06	0.09449035812672175	11
2017-11-07	0.054186602870813394	19
2017-11-08	-0.06284581105169341	17
2017-11-09	0.044238015071348405	18
2017-11-10	0.01437037037037037	15
2017-11-11	0.0033333333333333353	10
2017-11-12	0.06999999999999999	5
2017-11-13	-0.02512987012987013	14
2017-11-14	0.08985881542699724	22
2017-11-15	0.06972727272727272	25
2017-11-16	0.031481481481481485	21
2017-11-17	0.02128314393939394	16
2017-11-18	0.16249999999999998	9
2017-11-19	0.03833333333333333	10
2017-11-20	0.06898077412783295	17
2017-11-21	0.06134370015948963	19
2017-11-22	0.08828571428571429	15
2017-11-23	-0.04347474747474746	15
2017-11-24	0.04776936026936027	18
2017-11-25	-0.008333333333333331	6
2017-11-26	0.08833333333333333	6
2017-11-27	0.07256410256410256	13
2017-11-28	0.08569903581267219	22
2017-11-29	0.051515151515151514	12
2017-11-30	0.04694311536416799	19
2017-12-01	-0.05111111111111111	15
2017-12-02	-0.015	10
2017-12-03	0.08095238095238096	7
2017-12-04	0.07430120167189132	29
2017-12-05	0.10239234449760765	19
2017-12-06	-0.015665584415584417	28
2017-12-07	-0.016806722689075626	17
2017-12-08	0.07055555555555555	24
2017-12-09	0.040625	12
2017-12-10	0.08240740740740742	18
2017-12-11	0.027391975308641972	18
2017-12-12	0.06349206349206349	21
2017-12-13	-0.03444444444444444	15
2017-12-14	-0.03444444444444445	15
2017-12-15	-0.07282296650717704	19
2017-12-16	-0.018181818181818188	9
2017-12-17	0.016666666666666666	6
2017-12-18	-0.025641025641025644	13
2017-12-19	0.10607954545454544	12
2017-12-20	-0.015785834535834542	18
2017-12-21	-0.03425925925925926	18
2017-12-22	0.22402597402597402	7
2017-12-23	0.017045454545454544	8
2017-12-24	-0.1	4
2017-12-25	-0.08619047619047619	5
2017-12-26	-0.06770833333333334	8
2017-12-27	0.011111111111111106	9
2017-12-28	-0.01018518518518518	9
2017-12-29	0.03264069264069264	10
2017-12-30	-0.11249999999999999	8
2017-12-31	-0.07196969696969698	6
2018-01-01	-0.07500000000000001	6
2018-01-02	-0.06861952861952861	9
2018-01-03	0.1524242424242424	7
2018-01-04	0.22052341597796143	11
2018-01-05	0.06	10
2018-01-06	0.1125	8
2018-01-07	0.042439703153988866	7
2018-01-08	0.025624375624375625	13
2018-01-09	-0.008290043290043288	15
2018-01-10	0.0741266835016835	16
2018-01-11	-0.03125000000000001	12
2018-01-12	-0.04395502645502646	15
2018-01-13	0.09999999999999999	7
2018-01-14	0.060740740740740734	9
2018-01-15	0.03344155844155844	14
2018-01-16	0.024310689310689318	13
2018-01-17	0.09585858585858585	15
2018-01-18	0.10349326599326598	18
2018-01-19	0.027556818181818182	12
2018-01-20	0.05000000000000001	6
2018-01-21	-0.010101010101010102	3
2018-01-22	-0.019159544159544163	13
2018-01-23	0.1375957375957376	13
2018-01-24	0.0645021645021645	14
2018-01-25	0.021180555555555564	12
2018-01-26	0.04971590909090909	8
2018-01-27	0.0625	4
2018-01-28	0.10838744588744588	6
2018-01-29	0.10156510156510155	13
2018-01-30	-0.021527777777777774	12
2018-01-31	0.07411698150334514	22
2018-02-01	0.0835016835016835	18
2018-02-02	0.054882154882154886	12
2018-02-03	0.050826446280991734	11
2018-02-04	0.0	7
2018-02-05	0.11942471590909091	16
2018-02-06	0.06878156565656567	12
2018-02-07	0.03675990675990676	13
2018-02-08	-0.017045454545454548	14
2018-02-09	0.019791319791319786	13
2018-02-10	0.042857142857142864	7
2018-02-11	0.028409090909090908	7
2018-02-12	0.1238023088023088	14
2018-02-13	-0.033541666666666664	10
2018-02-14	0.0701569264069264	14
2018-02-15	-0.08787878787878788	11
2018-02-16	0.046630366161616164	16
2018-02-17	0.075	7
2018-02-18	0.06208333333333334	10
2018-02-19	0.04214365881032547	12
2018-02-20	0.040822222222222225	15
2018-02-21	0.08727272727272727	10
2018-02-22	-0.017603668261563	19
2018-02-23	-0.0729040404040404	10
2018-02-24	0.06463068181818182	16
2018-02-25	0.2061688311688312	7
2018-02-26	0.06136363636363637	12
2018-02-27	-0.018489583333333337	16
2018-02-28	0.060633116883116886	14
2018-03-01	0.07539682539682539	15
2018-03-02	0.003661616161616161	16
2018-03-03	0.06647727272727272	11
2018-03-04	-0.03155162738496072	9
2018-03-05	0.01944444444444444	12
2018-03-06	0.06538461538461537	13
2018-03-07	0.036647727272727276	16
2018-03-08	0.05545454545454545	15
2018-03-09	0.02427248677248678	14
2018-03-10	0.09166666666666666	9
2018-03-11	0.023855218855218855	9
2018-03-12	0.02683566433566433	13
2018-03-13	0.03568580542264752	19
2018-03-14	0.04758158508158508	13
2018-03-15	0.19739583333333335	16
2018-03-16	0.015425084175084171	18
2018-03-17	-0.08277972027972028	13
2018-03-18	0.025000000000000005	6
2018-03-19	0.015448603683897796	17
2018-03-20	0.06721117424242425	16
2018-03-21	0.02581596035543404	19
2018-03-22	0.0017361111111111127	18
2018-03-23	0.04167568542568543	14
2018-03-24	0.0636904761904762	12
2018-03-25	0.10894660894660894	7
2018-03-26	0.063510101010101	12
2018-03-27	0.04363636363636365	15
2018-03-28	0.0752840909090909	18
2018-03-29	0.011202259279182353	13
2018-03-30	-0.007583184789067146	17
2018-03-31	-0.015046296296296295	9
2018-04-01	0.09706439393939394	8
2018-04-02	0.07083333333333333	12
2018-04-03	0.02267992424242424	16
2018-04-04	-0.017283950617283956	9
2018-04-05	0.029503367003367	18
2018-04-06	0.041276041666666666	16
2018-04-07	-0.04305555555555554	12
2018-04-08	0.16041666666666665	8
2018-04-09	0.028618421052631578	19
2018-04-10	0.04296296296296297	15
2018-04-11	0.009886363636363627	20
2018-04-12	0.02030723905723906	18
2018-04-13	0.03258978675645342	18
2018-04-14	0.05833333333333333	12
2018-04-15	0.09829545454545455	8
2018-04-16	0.011287878787878791	14
2018-04-17	0.051284584980237156	23
2018-04-18	-0.04453125000000001	16
2018-04-19	0.1011541889483066	17
2018-04-20	0.07320075757575757	18
2018-04-21	0.031060606060606066	11
2018-04-22	0.060969696969696965	5
2018-04-23	-0.004821428571428572	14
2018-04-24	0.04007070707070706	25
2018-04-25	0.023014811985400216	17
2018-04-26	0.056782106782106774	18
2018-04-27	0.03921296296296296	15
2018-04-28	-0.1642857142857143	7
2018-04-29	0.0574074074074074	9
2018-04-30	0.01875000000000001	8
2018-05-01	-0.007230392156862745	17
2018-05-02	0.08654166666666667	20
2018-05-03	-0.0657828282828283	16
2018-05-04	-0.006423611111111111	16
2018-05-05	0.049999999999999996	9
2018-05-06	-0.0002840909090909144	8
2018-05-07	-0.003977272727272725	8
2018-05-08	0.029870129870129873	14
2018-05-09	0.012701231060606062	16
2018-05-10	0.07569444444444445	16
2018-05-11	0.13318790584415582	16
2018-05-12	0.04285714285714286	7
2018-05-13	0.1375	4
2018-05-14	0.0867965367965368	13
2018-05-15	0.05689792663476874	19
2018-05-16	0.06055194805194806	23
2018-05-17	0.041781949934123847	23
2018-05-18	0.11541193181818181	16
2018-05-19	-0.015000000000000005	10
2018-05-20	-0.020995670995670995	7
2018-05-21	-0.04965034965034965	13
2018-05-22	0.06486742424242424	18
2018-05-23	0.08782287157287157	21
2018-05-24	0.05589053803339518	14
2018-05-25	0.04591696182605273	22
2018-05-26	0.014814814814814812	9
2018-05-27	0.1424242424242424	4
2018-05-28	-0.024537962037962043	13
2018-05-29	-0.0020833333333333324	16
2018-05-30	0.06291035353535353	12
2018-05-31	0.0349862258953168	22
2018-06-01	0.11603163992869875	17
2018-06-02	0.03579545454545455	8
2018-06-03	0.048611111111111105	6
2018-06-04	0.06988636363636364	16
2018-06-05	0.05016708437761069	19
2018-06-06	0.07936179981634527	22
2018-06-07	0.029067460317460315	21
2018-06-08	-0.0031313131313131294	15
2018-06-09	0.07222222222222223	9
2018-06-10	0.08096590909090909	4
2018-06-11	-0.004320987654320989	9
2018-06-12	0.0374554367201426	17
2018-06-13	0.0464983164983165	15
2018-06-14	-0.04685846560846561	18
2018-06-15	0.04363636363636363	20
2018-06-16	0.06333333333333332	10
2018-06-17	0.17140452140452142	6
2018-06-18	0.034943181818181825	10
2018-06-19	-0.03458498023715416	23
2018-06-20	0.0009469696969696974	22
2018-06-21	0.03064574314574315	21
2018-06-22	0.020544733044733043	14
2018-06-23	0.03693181818181818	12
2018-06-24	0.18333333333333335	6
2018-06-25	0.08744318181818182	10
2018-06-26	0.04782608695652174	23
2018-06-27	0.08395833333333333	20
2018-06-28	0.050208333333333334	20
2018-06-29	-0.0016746411483253587	19
2018-06-30	0.08416666666666665	10
2018-07-01	0.12083333333333335	5
2018-07-02	-0.003535353535353538	18
2018-07-03	0.06101190476190475	14
2018-07-04	0.02692307692307692	13
2018-07-05	-0.09885010822510822	14
2018-07-06	0.017845117845117844	18
2018-07-07	-0.029947916666666664	8
2018-07-08	0.026785714285714284	4
2018-07-09	0.0598611111111111	10
2018-07-10	0.04180632078359352	22
2018-07-11	0.0580436056998557	16
2018-07-12	0.015799663299663296	15
2018-07-13	0.047525252525252526	15
2018-07-14	0.06997245179063362	11
2018-07-15	0.05	5
2018-07-16	0.046753246753246755	14
2018-07-17	0.05504599567099567	14
2018-07-18	0.07842261904761905	20
2018-07-19	0.05391414141414142	21
2018-07-20	0.011920749704840613	22
2018-07-21	0.07895622895622895	9
2018-07-22	0.03125	6
2018-07-23	0.065625	10
2018-07-24	0.07561011904761905	20
2018-07-25	0.032644110275689225	19
2018-07-26	0.09268233808674985	17
2018-07-27	0.020677361853832437	17
2018-07-28	0.0606060606060606	9
2018-07-29	-0.03333333333333333	4
2018-07-30	0.03446196660482374	14
2018-07-31	0.013785173160173159	20
2018-08-01	0.024249158249158246	15
2018-08-02	-0.05041666666666667	15
2018-08-03	0.06946829640947288	17
2018-08-04	0.013920454545454543	8
2018-08-05	0.11454545454545455	5
2018-08-06	0.006313131313131311	11
2018-08-07	-0.0702861952861953	18
2018-08-08	0.024302549302549294	18
2018-08-09	0.058333333333333334	15
2018-08-10	0.013909774436090223	19
2018-08-11	0.05	5
2018-08-12	0.13686868686868686	3
2018-08-13	0.05962703962703963	13
2018-08-14	-0.00787878787878788	14
2018-08-15	0.0040792540792540756	13
2018-08-16	0.016919191919191917	18
2018-08-17	0.06095238095238095	15
2018-08-18	-0.12083333333333332	7
2018-08-19	-0.16666666666666666	3
2018-08-20	0.01420454545454545	10
2018-08-21	0.04021464646464647	18
2018-08-22	0.018095238095238095	15
2018-08-23	0.033549783549783545	14
2018-08-24	0.030000000000000006	15
2018-08-25	-0.002609427609427623	9
2018-08-26	0.08888888888888889	3
2018-08-27	0.10201010101010102	10
2018-08-28	0.013020833333333334	16
2018-08-29	0.07049441786283893	19
2018-08-30	-0.034633161976911984	12
2018-08-31	0.1128389154704944	19
2018-09-01	0.19166666666666665	6
2018-09-02	0.028571428571428564	7
2018-09-03	0.005555555555555557	12
2018-09-04	0.044033414502164504	20
2018-09-05	0.017523923444976074	19
2018-09-06	0.030267518939393938	16
2018-09-07	0.008240740740740745	15
2018-09-08	0.08194444444444443	10
2018-09-09	0.05	5
2018-09-10	0.03349358974358974	13
2018-09-11	0.0023832070707070704	24
2018-09-12	0.024410774410774407	18
2018-09-13	0.13575757575757574	15
2018-09-14	-0.02394660894660895	15
2018-09-15	0.050550964187327824	11
2018-09-16	0.15303030303030304	6
2018-09-17	0.1125	12
2018-09-18	0.0016571969696969717	16
2018-09-19	0.007291666666666665	24
2018-09-20	0.0637087789661319	17
2018-09-21	0.024901185770750983	23
2018-09-22	-0.03888888888888889	9
2018-09-23	0.08285714285714287	5
2018-09-24	0.10224567099567099	16
2018-09-25	0.053049199477770904	21
2018-09-26	0.020207509881422926	23
2018-09-27	0.00036231884057970944	23
2018-09-28	0.03039485766758495	22
2018-09-29	-0.019523809523809523	10
2018-09-30	-0.13133333333333336	5
2018-10-01	0.10988562091503268	17
2018-10-02	0.05191666666666668	20
2018-10-03	0.08357079567605884	19
2018-10-04	-0.007366071428571428	20
2018-10-05	0.010280539772727275	16
2018-10-06	0.05566077441077441	9
2018-10-07	0.19000000000000003	5
2018-10-08	0.06525252525252526	15
2018-10-09	0.09005602240896358	17
2018-10-10	0.0725987554112554	24
2018-10-11	0.030176767676767677	18
2018-10-12	0.04289772727272727	16
2018-10-13	0.09814814814814815	6
2018-10-14	-0.007575757575757576	4
2018-10-15	0.0939705882352941	17
2018-10-16	0.0317384370015949	19
2018-10-17	0.02800595238095238	20
2018-10-18	0.00790909090909091	25
2018-10-19	0.17297979797979798	15
2018-10-20	-0.038333333333333344	5
2018-10-21	0.1593614718614719	7
2018-10-22	-0.012289562289562295	15
2018-10-23	0.014824380165289258	22
2018-10-24	0.043770562770562765	25
2018-10-25	-0.00504385964912281	19
2018-10-26	-0.01501782531194296	17
2018-10-27	-0.065	5
2018-10-28	0.22781385281385283	7
2018-10-29	-0.08168717247664617	19
2018-10-30	0.05618022328548644	19
2018-10-31	0.03427759740259741	20
2018-11-01	0.10075757575757575	19
2018-11-02	0.00436835891381345	22
2018-11-03	0.19061147186147184	6
2018-11-04	0.07619047619047618	7
2018-11-05	-0.03252164502164502	14
2018-11-06	0.07648221343873517	23
2018-11-07	0.10423254281949934	23
2018-11-08	0.036177536231884064	23
2018-11-09	0.054840067340067335	18
2018-11-10	-0.0652994227994228	7
2018-11-11	0.049999999999999996	7
2018-11-12	0.10077861952861954	18
2018-11-13	-0.0181508967223253	21
2018-11-14	0.0850088899196042	28
2018-11-15	0.03599099763872492	22
2018-11-16	0.015861742424242417	24
2018-11-17	-0.03067129629629628	9
2018-11-18	0.09060185185185185	9
2018-11-19	0.0529064454064454	18
2018-11-20	-0.013312629399585921	23
2018-11-21	0.0047971380471380455	25
2018-11-22	-0.018997668997669002	13
2018-11-23	0.01817550505050505	20
2018-11-24	0.11909722222222222	8
2018-11-25	-0.005952380952380955	7
2018-11-26	0.02180397727272727	16
2018-11-27	0.006060606060606058	17
2018-11-28	0.03385930735930737	25
2018-11-29	0.044838738259790886	19
2018-11-30	0.008309409888357253	19
2018-12-01	0.008124999999999999	10
2018-12-02	0.14727272727272728	5
2018-12-03	0.049230399230399235	21
2018-12-04	0.028778860028860025	28
2018-12-05	0.0	1
2019-01-27	0.265625	4
2019-01-28	0.07722107438016529	22
2019-01-29	0.019518037518037507	25
2019-01-30	0.045082772166105504	27
2019-01-31	0.021284605312383083	27
2019-02-01	-0.0012375992063492097	20
2019-02-02	-0.015696022727272732	8
2019-02-03	0.1574074074074074	9
2019-02-04	0.05251893939393939	20
2019-02-05	6.76406926406906e-06	28
2019-02-06	0.025468223905723907	24
2019-02-07	0.07059090909090908	20
2019-02-08	0.029158008658008657	25
2019-02-09	0.10883838383838383	6
2019-02-10	0.16197916666666665	8
2019-02-11	0.0008838383838383757	18
2019-02-12	-0.03547544409613375	29
2019-02-13	0.015632930288102708	29
2019-02-14	0.02048088023088024	25
2019-02-15	0.02773569023569023	27
2019-02-16	0.11356257378984651	11
2019-02-17	0.16331168831168832	7
2019-02-18	0.05899122807017544	19
2019-02-19	-0.002704545454545451	25
2019-02-20	0.039335664335664336	26
2019-02-21	0.05646222643097643	24
2019-02-22	0.05336580086580087	20
2019-02-23	-0.05	5
2019-02-24	0.13541666666666666	6
2019-02-25	-0.0045592286501377425	22
2019-02-26	0.01734343434343434	25
2019-02-27	0.01642804533429533	24
2019-02-28	0.02416161616161616	25
2019-03-01	0.014502164502164497	21
2019-03-02	0.08080808080808081	6
2019-03-03	0.04452380952380953	10
2019-03-04	0.013125000000000001	20
2019-03-05	0.010633116883116885	27
2019-03-06	0.016399110149110156	24
2019-03-07	0.02220495774067202	28
2019-03-08	0.017913832199546485	21
2019-03-09	0.02380952380952381	7
2019-03-10	0.10757575757575759	9
2019-03-11	-0.028260869565217398	23
2019-03-12	-0.009805440771349861	22
2019-03-13	0.06165900072150073	24
2019-03-14	0.011176184926184928	26
2019-03-15	-0.016666666666666666	17
2019-03-16	0.1357142857142857	7
2019-03-17	0.22916666666666666	6
2019-03-18	0.04312533227006911	19
2019-03-19	0.024159000721500717	28
2019-03-20	0.05652867965367965	20
2019-03-21	-0.051000000000000004	20
2019-03-22	0.032107843137254906	17
2019-03-23	0.10833333333333335	8
2019-03-24	0.15757575757575756	7
2019-03-25	0.018084866522366516	24
2019-03-26	-0.0009740259740259763	21
2019-03-27	0.06727272727272726	25
2019-03-28	0.021780303030303032	22
2019-03-29	0.08477242424242425	25
2019-03-30	0.07585227272727273	12
2019-03-31	0.060416666666666674	4
2019-04-01	0.029132575757575756	20
2019-04-02	0.07653409090909091	20
2019-04-03	0.015133116883116882	25
2019-04-04	0.06402918069584736	27
2019-04-05	0.02755331088664422	18
2019-04-06	0.16115702479338842	11
2019-04-07	0.19848484848484846	18
2019-04-08	-0.00030742204655247787	46
2019-04-09	0.039182725876274256	62
2019-04-10	0.018332882395382392	48
2019-04-11	-0.004854312354312353	52
2019-04-12	-0.009914246632996634	48
2019-04-13	0.0619212962962963	12
2019-04-14	0.13333333333333333	18
2019-04-15	0.020938552188552187	36
2019-04-16	-0.006485389610389612	40
2019-04-17	0.013456847385418812	42
2019-04-18	0.0453202479338843	44
2019-04-19	0.023881673881673886	42
2019-04-20	0.05535714285714285	14
2019-04-21	0.1868181818181818	20
2019-04-22	0.029491341991341985	42
2019-04-23	-0.00414941338854382	46
2019-04-24	0.03500180375180375	48
2019-04-25	0.00413860830527497	54
2019-04-26	0.02830578512396694	44
2019-04-27	0.0	16
2019-04-28	0.21071428571428572	14
2019-04-29	0.03760822510822511	42
2019-04-30	0.013138327721661057	54
2019-05-01	0.08401515151515153	40
2019-05-02	0.06683177531003617	46
2019-05-03	0.034940476190476195	40
2019-05-04	0.04285714285714286	14
2019-05-05	0.06666666666666665	6
2019-05-06	0.05407274717619544	58
2019-05-07	-0.006612318840579711	46
2019-05-08	0.0256920163170163	52
2019-05-09	0.02171604437229437	48
2019-05-10	0.03200757575757575	42
2019-05-11	0.1357142857142857	14
2019-05-12	0.2	10
2019-05-13	0.08992643829600351	46
2019-05-14	0.02647596656217345	58
2019-05-15	0.03148310023310023	52
2019-05-16	0.10064992877492875	52
2019-05-17	0.04131880024737168	42
2019-05-18	0.034740259740259745	14
2019-05-19	0.30505050505050507	11
2019-05-20	0.047704081632653064	21
2019-05-21	-0.031981101335940045	31
2019-05-22	0.053255772005771994	28
2019-05-23	-0.014630681818181819	24
2019-05-24	0.048402503293807644	23
2019-05-25	0.05963541666666666	8
2019-05-26	0.11666666666666665	7
2019-05-27	0.12518716577540107	17
2019-05-28	-0.023858585858585864	25
2019-05-29	0.06370944668358461	29
2019-05-30	0.028528911564625847	28
2019-05-31	0.061740989439853074	22
2019-06-01	0.07083333333333333	8
2019-06-02	0.10666666666666666	5
2019-06-03	0.05014393939393939	25
2019-06-04	-0.035641996891996895	26
2019-06-05	0.029428904428904428	26
2019-06-06	0.07768416927899685	29
2019-06-07	0.011898148148148144	18
2019-06-08	-0.038888888888888896	6
2019-06-09	0.13125	8
2019-06-10	0.0069760101010101	22
2019-06-11	-0.009037923881673883	24
2019-06-12	0.009514931682900433	32
2019-06-13	0.006231060606060609	30
2019-06-14	0.0679895253555968	28
2019-06-15	-0.13	5
2019-06-16	0.17777777777777778	6
2019-06-17	0.05032196969696969	20
2019-06-18	0.00045544733044732694	24
2019-06-19	0.020995670995670995	28
2019-06-20	0.030711529982363317	24
2019-06-21	-0.029296251993620414	19
2019-06-22	0.0920791245791246	9
2019-06-23	0.03985389610389611	14
2019-06-24	0.0429336846728151	23
2019-06-25	0.03292297979797979	24
2019-06-26	0.04558150183150183	26
2019-06-27	0.05310606060606061	30
2019-06-28	0.04000783699059561	29
2019-06-29	0.10119047619047619	7
2019-06-30	0.12727272727272726	11
2019-07-01	0.06997037684537684	26
2019-07-02	0.023626743626743624	27
2019-07-03	0.024976472802559758	23
2019-07-04	0.05002492025518341	19
2019-07-05	0.04285714285714286	21
2019-07-06	0.11444805194805194	7
2019-07-07	0.21392045454545455	8
2019-07-08	0.03042929292929293	24
2019-07-09	0.03340510762385762	24
2019-07-10	0.016601454101454104	26
2019-07-11	0.00588151927437642	28
2019-07-12	-0.0231024531024531	21
2019-07-13	0.09285714285714286	7
2019-07-14	0.1146694214876033	11
2019-07-15	-0.02198298777246146	19
2019-07-16	0.014840067340067339	30
2019-07-17	-0.021187770562770568	30
2019-07-18	0.02232491970395196	31
2019-07-19	0.06988383838383838	25
2019-07-20	0.03374819624819624	14
2019-07-21	0.033366402116402114	16
2019-07-22	0.016322314049586777	22
2019-07-23	0.03313191438191438	28
2019-07-24	0.09778030303030304	30
2019-07-25	0.043808275058275066	26
2019-07-26	0.026862373737373737	24
2019-07-27	0.00162337662337662	14
2019-07-28	-0.013194444444444446	9
2019-07-29	0.007542819499341236	23
2019-07-30	0.03172653958944281	31
2019-07-31	0.011868686868686862	26
2019-08-01	0.026018808777429462	29
2019-08-02	0.10793763528138528	24
2019-08-03	0.016666666666666666	9
2019-08-04	-0.004895104895104896	13
2019-08-05	0.08328338328338326	26
2019-08-06	-0.007175116550116551	26
2019-08-07	0.018677489177489175	25
2019-08-08	0.046140282131661436	29
2019-08-09	0.047571872571872564	26
2019-08-10	0.01515151515151515	9
2019-08-11	0.012326388888888887	12
2019-08-12	0.11262626262626263	23
2019-08-13	0.0033964646464646493	30
2019-08-14	-0.0035938199731303157	29
2019-08-15	-0.022066326530612246	28
2019-08-16	0.00855791788856305	31
2019-08-17	0.048295454545454544	16
2019-08-18	0.033516483516483515	13
2019-08-19	0.056861720654824095	29
2019-08-20	0.00420833333333333	30
2019-08-21	0.014556277056277054	30
2019-08-22	0.03222610722610722	26
2019-08-23	-0.010423197492163009	29
2019-08-24	-0.003333333333333331	15
2019-08-25	0.046425189393939394	16
2019-08-26	0.06217885375494071	23
2019-08-27	0.013628346961680303	27
2019-08-28	0.04188660801564027	31
2019-08-29	-0.011234848484848488	25
2019-08-30	0.023076923076923075	26
2019-08-31	-0.004901960784313725	17
2019-09-01	0.06488095238095239	14
2019-09-02	0.013204156954156951	26
2019-09-03	0.040521978021978024	26
2019-09-04	0.009371492704826038	27
2019-09-05	0.050116550116550126	26
2019-09-06	0.07732404692082112	31
2019-09-07	0.018655303030303032	12
2019-09-08	-0.016666666666666666	10
2019-09-09	0.04505147630147631	26
2019-09-10	0.006432863113897599	29
2019-09-11	0.030745593692022264	28
2019-09-12	0.03254242424242425	25
2019-09-13	-0.033573232323232324	21
2019-09-14	0.02495265151515151	12
2019-09-15	-0.04107142857142857	14
2019-09-16	0.05172287390029325	31
2019-09-17	0.03915151515151515	30
2019-09-18	0.05357889237199581	29
2019-09-19	0.04087548875855328	31
2019-09-20	0.004763986013986014	26
2019-09-21	-0.0853305785123967	11
2019-09-22	-0.04861111111111111	9
2019-09-23	0.003034376018246979	31
2019-09-24	-0.03667703823953824	28
2019-09-25	0.03873278236914601	33
2019-09-26	0.005713350435572662	27
2019-09-27	-0.016443452380952378	32
2019-09-28	-0.024292929292929297	20
2019-09-29	0.03465909090909091	18
2019-09-30	0.030018939393939393	20
2019-10-01	0.011655968552520274	29
2019-10-02	-0.02545828656939769	27
2019-10-03	0.04353146853146854	26
2019-10-04	0.004987373737373737	24
2019-10-05	-0.0022775835275835256	13
2019-10-06	0.05677083333333334	16
2019-10-07	-0.005878787878787881	25
2019-10-08	0.03664209054834055	28
2019-10-09	-0.0005570409982174692	34
2019-10-10	0.09251748251748251	26
2019-10-11	0.04085858585858586	30
2019-10-12	0.017720588235294116	17
2019-10-13	0.020833333333333325	14
2019-10-14	0.040979236812570145	27
2019-10-15	0.02631138975966562	29
2019-10-16	-0.015778151889262994	27
2019-10-17	-0.015663580246913573	27
2019-10-18	0.01978114478114478	30
2019-10-19	-0.029059829059829064	13
2019-10-20	0.0061688311688311665	14
2019-10-21	-0.014889277389277387	26
2019-10-22	0.049007314524555895	29
2019-10-23	0.01988927738927739	26
2019-10-24	0.02168273645546373	33
2019-10-25	0.03575065167807103	31
2019-10-26	0.0017857142857142874	14
2019-10-27	-0.019047619047619053	14
2019-10-28	0.01913667929292929	24
2019-10-29	0.03731818181818182	20
2019-10-30	0.029136363636363637	25
2019-10-31	0.05300324675324676	28
2019-11-01	0.04595238095238096	25
2019-11-02	0.04409090909090908	13
2019-11-03	-0.04	15
2019-11-04	-0.042135642135642144	26
2019-11-05	0.06648380355276907	29
2019-11-06	0.006797438672438669	30
2019-11-07	0.05993181818181819	25
2019-11-08	0.012103174603174605	21
2019-11-09	0.042121212121212115	10
2019-11-10	0.0	10
2019-11-11	-0.011426767676767681	24
2019-11-12	0.053995310245310256	24
2019-11-13	0.029818181818181813	25
2019-11-14	0.02964864592771569	43
2019-11-15	-0.016579131652661065	34
2019-11-16	-0.016128389154704947	19
2019-11-17	-0.017575757575757578	15
2019-11-18	0.021022727272727273	24
2019-11-19	-0.015402597402597404	25
2019-11-20	0.052443792766373405	31
2019-11-21	-0.034378265412748174	29
2019-11-22	-0.023486781076066793	28
2019-11-23	0.014524711399711399	18
2019-11-24	-0.08333333333333333	12
2019-11-25	-0.0012987012987013072	21
2019-11-26	-0.0074389730639730645	24
2019-11-27	-0.025252525252525256	27
2019-11-28	-0.020401069518716577	17
2019-11-29	-0.03383838383838384	21
2019-11-30	-0.031818181818181815	12
2019-12-01	0.10369318181818182	8
2019-12-02	-0.06477798821548823	24
2019-12-03	0.050133333333333335	25
2019-12-04	-0.026687327823691463	22
2019-12-05	-0.008612440191387558	19
2019-12-06	-0.003491436100131758	23
2019-12-07	-0.057512626262626265	12
2019-12-08	-0.1926557239057239	6
2019-12-09	-0.01760964912280702	19
2019-12-10	0.009501672569854385	22
2019-12-11	0.035521885521885524	27
2019-12-12	-0.0034621212121212106	25
2019-12-13	0.01998834498834499	26
2019-12-14	0.049010942760942755	12
2019-12-15	0.05030499803227075	11
2019-12-16	-0.0018010565424358511	29
2019-12-17	0.008437001594896331	19
2019-12-18	-0.06397979797979798	25
2019-12-19	0.007575757575757572	20
2019-12-20	0.01598320158102767	23
2019-12-21	0.012878787878787882	8
2019-12-22	0.09041666666666667	5
2019-12-23	0.02441077441077441	21
2019-12-24	0.1276543209876543	15
2019-12-25	0.05	9
2019-12-26	0.011023698523698519	13
2019-12-27	0.04919786096256685	17
2019-12-28	-0.034974747474747485	6
2019-12-29	0.05938552188552188	12
2019-12-30	0.010149743044479884	19
2019-12-31	-0.02171717171717172	9
2020-01-01	-0.05743801652892562	11
2020-01-02	0.00489583333333333	20
2020-01-03	0.07651960784313726	17
2020-01-04	0.14166666666666666	6
2020-01-05	0.004132231404958677	11
2020-01-06	0.07436204146730462	19
2020-01-07	0.04517045454545455	19
2020-01-08	0.006439393939393938	24
2020-01-09	0.0538404452690167	21
2020-01-10	0.041528925619834706	22
2020-01-11	0.08893939393939394	10
2020-01-12	0.1390873015873016	9
2020-01-13	0.02805375180375181	21
2020-01-14	0.084948347107438	22
2020-01-15	0.009753787878787872	24
2020-01-16	0.05025252525252525	18
2020-01-17	0.00992063492063492	21
2020-01-18	0.08184731934731934	13
2020-01-19	2.0816681711721685e-17	8
2020-01-20	0.014492753623188408	23
2020-01-21	0.04395743145743145	21
2020-01-22	0.09891975308641976	27
2020-01-23	0.01777272727272727	25
2020-01-24	0.0555	25
2020-01-25	0.19556277056277055	8
2020-01-26	0.018181818181818177	11
2020-01-27	-0.01456818181818182	25
2020-01-28	0.10413329725829726	16
2020-01-29	0.018026094276094275	24
2020-01-30	0.010731749311294765	22
2020-01-31	0.002259552042160744	23
2020-02-01	0.12121212121212123	11
2020-02-02	0.14285714285714285	7
2020-02-03	0.022463768115942025	23
2020-02-04	0.061304777094250786	19
2020-02-05	0.07410486856139029	23
2020-02-06	0.05676294191919192	24
2020-02-07	0.06892045454545455	24
2020-02-08	0.09292929292929292	9
2020-02-09	0.05	10
2020-02-10	0.02197543617998163	22
2020-02-11	0.03576358826358825	30
2020-02-12	0.026235078053259867	22
2020-02-13	-0.012939393939393942	25
2020-02-14	0.05244961934617107	29
2020-02-15	0.144	10
2020-02-16	-0.046306818181818185	20
2020-02-17	0.017605401844532277	23
2020-02-18	0.02004176379176379	26
2020-02-19	0.05720749158249158	30
2020-02-20	0.02492003367003366	32
2020-02-21	0.03716329966329967	28
2020-02-22	-0.1227483164983165	9
2020-02-23	0.027843915343915338	12
2020-02-24	-8.417508417508575e-05	27
2020-02-25	0.10983542319749216	29
2020-02-26	0.01858398802843247	27
2020-02-27	0.013364055299539176	31
2020-02-28	0.02015392015392015	27
2020-02-29	0.02827797202797205	13
2020-03-01	0.0259469696969697	12
2020-03-02	0.04574962588851478	27
2020-03-03	0.022465034965034967	26
2020-03-04	0.012226808905380335	35
2020-03-05	0.01722943722943723	35
2020-03-06	0.01788288288288288	37
2020-03-07	0.021167557932263815	17
2020-03-08	0.08993055555555554	14
2020-03-09	0.031040163540163538	30
2020-03-10	0.0408827861952862	36
2020-03-11	0.06519471026049975	38
2020-03-12	0.0005203550658096062	33
2020-03-13	0.021458874458874455	35
2020-03-14	-0.03455882352941176	17
2020-03-15	0.017026515151515154	20
2020-03-16	0.002348484848484848	30
2020-03-17	0.030901451489686784	34
2020-03-18	-0.010317460317460317	21
2020-03-19	0.009196654040404043	40
2020-03-20	0.022599524658348188	34
2020-03-21	0.02590909090909091	20
2020-03-22	-0.023544137022397892	23
2020-03-23	0.007834595959595958	40
2020-03-24	0.009677583920008162	33
2020-03-25	0.015411255411255409	35
2020-03-26	0.022178030303030307	40
2020-03-27	0.0033352038907594455	36
2020-03-28	-0.02654461279461279	24
2020-03-29	0.048320158102766804	23
2020-03-30	0.026309974747474745	36
2020-03-31	0.025415923945335712	34
2020-04-01	0.04471639471639472	26
2020-04-02	0.11139590347923682	36
2020-04-03	0.0472396694214876	55
2020-04-04	0.04594155844155846	22
2020-04-05	0.0	1
